"Label (Grouping)","Whatcom County--Bellingham City PUMA, Washington!!Total!!Estimate","Whatcom County--Bellingham City PUMA, Washington!!Employment/Population Ratio!!Estimate","Whatcom County--Bellingham City PUMA, Washington!!Unemployment rate!!Estimate","Skagit, Island & San Juan Counties PUMA; Washington!!Total!!Estimate","Skagit, Island & San Juan Counties PUMA; Washington!!Employment/Population Ratio!!Estimate","Skagit, Island & San Juan Counties PUMA; Washington!!Unemployment rate!!Estimate","Chelan & Douglas Counties PUMA, Washington!!Total!!Estimate","Chelan & Douglas Counties PUMA, Washington!!Employment/Population Ratio!!Estimate","Chelan & Douglas Counties PUMA, Washington!!Unemployment rate!!Estimate","Stevens, Okanogan, Pend Oreille & Ferry Counties PUMA; Washington!!Total!!Estimate","Stevens, Okanogan, Pend Oreille & Ferry Counties PUMA; Washington!!Employment/Population Ratio!!Estimate","Stevens, Okanogan, Pend Oreille & Ferry Counties PUMA; Washington!!Unemployment rate!!Estimate","Spokane County (North Central)--Spokane City (North) PUMA, Washington!!Total!!Estimate","Spokane County (North Central)--Spokane City (North) PUMA, Washington!!Employment/Population Ratio!!Estimate","Spokane County (North Central)--Spokane City (North) PUMA, Washington!!Unemployment rate!!Estimate","Spokane County (South Central)--Spokane City (South) PUMA, Washington!!Total!!Estimate","Spokane County (South Central)--Spokane City (South) PUMA, Washington!!Employment/Population Ratio!!Estimate","Spokane County (South Central)--Spokane City (South) PUMA, Washington!!Unemployment rate!!Estimate","Spokane County (East Central)--Greater Spokane Valley City PUMA, Washington!!Total!!Estimate","Spokane County (East Central)--Greater Spokane Valley City PUMA, Washington!!Employment/Population Ratio!!Estimate","Spokane County (East Central)--Greater Spokane Valley City PUMA, Washington!!Unemployment rate!!Estimate","Spokane County (Outer)--Cheney City PUMA, Washington!!Total!!Estimate","Spokane County (Outer)--Cheney City PUMA, Washington!!Employment/Population Ratio!!Estimate","Spokane County (Outer)--Cheney City PUMA, Washington!!Unemployment rate!!Estimate","Whitman, Asotin, Adams, Lincoln, Columbia & Garfield Counties PUMA; Washington!!Total!!Estimate","Whitman, Asotin, Adams, Lincoln, Columbia & Garfield Counties PUMA; Washington!!Employment/Population Ratio!!Estimate","Whitman, Asotin, Adams, Lincoln, Columbia & Garfield Counties PUMA; Washington!!Unemployment rate!!Estimate","Benton & Franklin Counties--Pasco, Richland (North) & West Richland Cities PUMA; Washington!!Total!!Estimate","Benton & Franklin Counties--Pasco, Richland (North) & West Richland Cities PUMA; Washington!!Employment/Population Ratio!!Estimate","Benton & Franklin Counties--Pasco, Richland (North) & West Richland Cities PUMA; Washington!!Unemployment rate!!Estimate","Benton County (East Central)--Kennewick & Richland (South) Cities PUMA, Washington!!Total!!Estimate","Benton County (East Central)--Kennewick & Richland (South) Cities PUMA, Washington!!Employment/Population Ratio!!Estimate","Benton County (East Central)--Kennewick & Richland (South) Cities PUMA, Washington!!Unemployment rate!!Estimate","Walla Walla, Benton (Outer) & Franklin (Outer) Counties PUMA; Washington!!Total!!Estimate","Walla Walla, Benton (Outer) & Franklin (Outer) Counties PUMA; Washington!!Employment/Population Ratio!!Estimate","Walla Walla, Benton (Outer) & Franklin (Outer) Counties PUMA; Washington!!Unemployment rate!!Estimate","Grant & Kittitas Counties PUMA, Washington!!Total!!Estimate","Grant & Kittitas Counties PUMA, Washington!!Employment/Population Ratio!!Estimate","Grant & Kittitas Counties PUMA, Washington!!Unemployment rate!!Estimate","Yakima County (Central)--Greater Yakima City PUMA, Washington!!Total!!Estimate","Yakima County (Central)--Greater Yakima City PUMA, Washington!!Employment/Population Ratio!!Estimate","Yakima County (Central)--Greater Yakima City PUMA, Washington!!Unemployment rate!!Estimate","Yakima County (Outer)--Sunnyside & Grandview Cities PUMA, Washington!!Total!!Estimate","Yakima County (Outer)--Sunnyside & Grandview Cities PUMA, Washington!!Employment/Population Ratio!!Estimate","Yakima County (Outer)--Sunnyside & Grandview Cities PUMA, Washington!!Unemployment rate!!Estimate","Lewis, Klickitat & Skamania Counties PUMA; Washington!!Total!!Estimate","Lewis, Klickitat & Skamania Counties PUMA; Washington!!Employment/Population Ratio!!Estimate","Lewis, Klickitat & Skamania Counties PUMA; Washington!!Unemployment rate!!Estimate","Clark County (Southwest)--Vancouver City (West & Central) PUMA, Washington!!Total!!Estimate","Clark County (Southwest)--Vancouver City (West & Central) PUMA, Washington!!Employment/Population Ratio!!Estimate","Clark County (Southwest)--Vancouver City (West & Central) PUMA, Washington!!Unemployment rate!!Estimate","Clark County (West Central)--Salmon Creek & Hazel Dell PUMA, Washington!!Total!!Estimate","Clark County (West Central)--Salmon Creek & Hazel Dell PUMA, Washington!!Employment/Population Ratio!!Estimate","Clark County (West Central)--Salmon Creek & Hazel Dell PUMA, Washington!!Unemployment rate!!Estimate","Clark County (Southeast)--Vancouver (East), Camas & Washougal Cities PUMA; Washington!!Total!!Estimate","Clark County (Southeast)--Vancouver (East), Camas & Washougal Cities PUMA; Washington!!Employment/Population Ratio!!Estimate","Clark County (Southeast)--Vancouver (East), Camas & Washougal Cities PUMA; Washington!!Unemployment rate!!Estimate","Clark County (North)--Battle Ground City & Orchards PUMA, Washington!!Total!!Estimate","Clark County (North)--Battle Ground City & Orchards PUMA, Washington!!Employment/Population Ratio!!Estimate","Clark County (North)--Battle Ground City & Orchards PUMA, Washington!!Unemployment rate!!Estimate","Cowlitz, Pacific & Wahkiakum Counties PUMA; Washington!!Total!!Estimate","Cowlitz, Pacific & Wahkiakum Counties PUMA; Washington!!Employment/Population Ratio!!Estimate","Cowlitz, Pacific & Wahkiakum Counties PUMA; Washington!!Unemployment rate!!Estimate","Grays Harbor & Mason Counties PUMA, Washington!!Total!!Estimate","Grays Harbor & Mason Counties PUMA, Washington!!Employment/Population Ratio!!Estimate","Grays Harbor & Mason Counties PUMA, Washington!!Unemployment rate!!Estimate","Thurston County (Central)--Olympia, Lacey & Tumwater Cities PUMA; Washington!!Total!!Estimate","Thurston County (Central)--Olympia, Lacey & Tumwater Cities PUMA; Washington!!Employment/Population Ratio!!Estimate","Thurston County (Central)--Olympia, Lacey & Tumwater Cities PUMA; Washington!!Unemployment rate!!Estimate","Thurston County (Outer) PUMA, Washington!!Total!!Estimate","Thurston County (Outer) PUMA, Washington!!Employment/Population Ratio!!Estimate","Thurston County (Outer) PUMA, Washington!!Unemployment rate!!Estimate","Pierce County (Central)--Tacoma City (Central) PUMA, Washington!!Total!!Estimate","Pierce County (Central)--Tacoma City (Central) PUMA, Washington!!Employment/Population Ratio!!Estimate","Pierce County (Central)--Tacoma City (Central) PUMA, Washington!!Unemployment rate!!Estimate","Pierce County (Northwest)--Peninsula Region & Tacoma City (West) PUMA, Washington!!Total!!Estimate","Pierce County (Northwest)--Peninsula Region & Tacoma City (West) PUMA, Washington!!Employment/Population Ratio!!Estimate","Pierce County (Northwest)--Peninsula Region & Tacoma City (West) PUMA, Washington!!Unemployment rate!!Estimate","Pierce County (West Central)--Lakewood City & Joint Base Lewis-McChord PUMA, Washington!!Total!!Estimate","Pierce County (West Central)--Lakewood City & Joint Base Lewis-McChord PUMA, Washington!!Employment/Population Ratio!!Estimate","Pierce County (West Central)--Lakewood City & Joint Base Lewis-McChord PUMA, Washington!!Unemployment rate!!Estimate","Pierce County (South Central)--Tacoma City (South), Parkland & Spanaway PUMA; Washington!!Total!!Estimate","Pierce County (South Central)--Tacoma City (South), Parkland & Spanaway PUMA; Washington!!Employment/Population Ratio!!Estimate","Pierce County (South Central)--Tacoma City (South), Parkland & Spanaway PUMA; Washington!!Unemployment rate!!Estimate","Pierce County (North Central)--Tacoma (Port) & Bonney Lake (Northwest) Cities PUMA, Washington!!Total!!Estimate","Pierce County (North Central)--Tacoma (Port) & Bonney Lake (Northwest) Cities PUMA, Washington!!Employment/Population Ratio!!Estimate","Pierce County (North Central)--Tacoma (Port) & Bonney Lake (Northwest) Cities PUMA, Washington!!Unemployment rate!!Estimate","Pierce County (East Central)--Puyallup City & South Hill PUMA, Washington!!Total!!Estimate","Pierce County (East Central)--Puyallup City & South Hill PUMA, Washington!!Employment/Population Ratio!!Estimate","Pierce County (East Central)--Puyallup City & South Hill PUMA, Washington!!Unemployment rate!!Estimate","Pierce County (Southeast)--Graham, Elk Plain & Prairie Ridge PUMA; Washington!!Total!!Estimate","Pierce County (Southeast)--Graham, Elk Plain & Prairie Ridge PUMA; Washington!!Employment/Population Ratio!!Estimate","Pierce County (Southeast)--Graham, Elk Plain & Prairie Ridge PUMA; Washington!!Unemployment rate!!Estimate","Seattle City (Northwest) PUMA, Washington!!Total!!Estimate","Seattle City (Northwest) PUMA, Washington!!Employment/Population Ratio!!Estimate","Seattle City (Northwest) PUMA, Washington!!Unemployment rate!!Estimate","Seattle City (Northeast) PUMA, Washington!!Total!!Estimate","Seattle City (Northeast) PUMA, Washington!!Employment/Population Ratio!!Estimate","Seattle City (Northeast) PUMA, Washington!!Unemployment rate!!Estimate","Seattle City (Downtown)--Queen Anne & Magnolia PUMA, Washington!!Total!!Estimate","Seattle City (Downtown)--Queen Anne & Magnolia PUMA, Washington!!Employment/Population Ratio!!Estimate","Seattle City (Downtown)--Queen Anne & Magnolia PUMA, Washington!!Unemployment rate!!Estimate","Seattle City (Southeast)--Capitol Hill PUMA, Washington!!Total!!Estimate","Seattle City (Southeast)--Capitol Hill PUMA, Washington!!Employment/Population Ratio!!Estimate","Seattle City (Southeast)--Capitol Hill PUMA, Washington!!Unemployment rate!!Estimate","Seattle City (West)--Duwamish & Beacon Hill PUMA, Washington!!Total!!Estimate","Seattle City (West)--Duwamish & Beacon Hill PUMA, Washington!!Employment/Population Ratio!!Estimate","Seattle City (West)--Duwamish & Beacon Hill PUMA, Washington!!Unemployment rate!!Estimate","King County (Northwest)--Shoreline, Kenmore & Bothell (South) Cities PUMA; Washington!!Total!!Estimate","King County (Northwest)--Shoreline, Kenmore & Bothell (South) Cities PUMA; Washington!!Employment/Population Ratio!!Estimate","King County (Northwest)--Shoreline, Kenmore & Bothell (South) Cities PUMA; Washington!!Unemployment rate!!Estimate","King County (Northwest)--Redmond, Kirkland Cities, Inglewood & Finn Hill PUMA; Washington!!Total!!Estimate","King County (Northwest)--Redmond, Kirkland Cities, Inglewood & Finn Hill PUMA; Washington!!Employment/Population Ratio!!Estimate","King County (Northwest)--Redmond, Kirkland Cities, Inglewood & Finn Hill PUMA; Washington!!Unemployment rate!!Estimate","King County (Northwest Central)--Greater Bellevue City PUMA, Washington!!Total!!Estimate","King County (Northwest Central)--Greater Bellevue City PUMA, Washington!!Employment/Population Ratio!!Estimate","King County (Northwest Central)--Greater Bellevue City PUMA, Washington!!Unemployment rate!!Estimate","King County (Central)--Sammamish, Issaquah, Mercer Island & Newcastle Cities PUMA; Washington!!Total!!Estimate","King County (Central)--Sammamish, Issaquah, Mercer Island & Newcastle Cities PUMA; Washington!!Employment/Population Ratio!!Estimate","King County (Central)--Sammamish, Issaquah, Mercer Island & Newcastle Cities PUMA; Washington!!Unemployment rate!!Estimate","King County (Central)--Renton City, Fairwood, Bryn Mawr & Skyway PUMA; Washington!!Total!!Estimate","King County (Central)--Renton City, Fairwood, Bryn Mawr & Skyway PUMA; Washington!!Employment/Population Ratio!!Estimate","King County (Central)--Renton City, Fairwood, Bryn Mawr & Skyway PUMA; Washington!!Unemployment rate!!Estimate","King County (West Central)--Burien, SeaTac, Tukwila Cities & White Center PUMA; Washington!!Total!!Estimate","King County (West Central)--Burien, SeaTac, Tukwila Cities & White Center PUMA; Washington!!Employment/Population Ratio!!Estimate","King County (West Central)--Burien, SeaTac, Tukwila Cities & White Center PUMA; Washington!!Unemployment rate!!Estimate","King County (Far Southwest)--Federal Way, Des Moines Cities & Vashon Island PUMA; Washington!!Total!!Estimate","King County (Far Southwest)--Federal Way, Des Moines Cities & Vashon Island PUMA; Washington!!Employment/Population Ratio!!Estimate","King County (Far Southwest)--Federal Way, Des Moines Cities & Vashon Island PUMA; Washington!!Unemployment rate!!Estimate","King County (Southwest Central)--Kent City PUMA, Washington!!Total!!Estimate","King County (Southwest Central)--Kent City PUMA, Washington!!Employment/Population Ratio!!Estimate","King County (Southwest Central)--Kent City PUMA, Washington!!Unemployment rate!!Estimate","King County (Southwest)--Auburn City & Lakeland PUMA, Washington!!Total!!Estimate","King County (Southwest)--Auburn City & Lakeland PUMA, Washington!!Employment/Population Ratio!!Estimate","King County (Southwest)--Auburn City & Lakeland PUMA, Washington!!Unemployment rate!!Estimate","King County (Southeast)--Maple Valley, Covington & Enumclaw Cities PUMA; Washington!!Total!!Estimate","King County (Southeast)--Maple Valley, Covington & Enumclaw Cities PUMA; Washington!!Employment/Population Ratio!!Estimate","King County (Southeast)--Maple Valley, Covington & Enumclaw Cities PUMA; Washington!!Unemployment rate!!Estimate","King County (Northeast)--Snoqualmie City, Cottage Lake, Union Hill & Novelty Hill PUMA; Washington!!Total!!Estimate","King County (Northeast)--Snoqualmie City, Cottage Lake, Union Hill & Novelty Hill PUMA; Washington!!Employment/Population Ratio!!Estimate","King County (Northeast)--Snoqualmie City, Cottage Lake, Union Hill & Novelty Hill PUMA; Washington!!Unemployment rate!!Estimate","Snohomish County (Southwest)--Edmonds, Lynnwood & Mountlake Terrace Cities PUMA; Washington!!Total!!Estimate","Snohomish County (Southwest)--Edmonds, Lynnwood & Mountlake Terrace Cities PUMA; Washington!!Employment/Population Ratio!!Estimate","Snohomish County (Southwest)--Edmonds, Lynnwood & Mountlake Terrace Cities PUMA; Washington!!Unemployment rate!!Estimate","Snohomish County (West Central)--Mukilteo & Everett (Southwest) Cities PUMA, Washington!!Total!!Estimate","Snohomish County (West Central)--Mukilteo & Everett (Southwest) Cities PUMA, Washington!!Employment/Population Ratio!!Estimate","Snohomish County (West Central)--Mukilteo & Everett (Southwest) Cities PUMA, Washington!!Unemployment rate!!Estimate","Snohomish County (Central)--Everett City (Central & East) & Eastmont PUMA, Washington!!Total!!Estimate","Snohomish County (Central)--Everett City (Central & East) & Eastmont PUMA, Washington!!Employment/Population Ratio!!Estimate","Snohomish County (Central)--Everett City (Central & East) & Eastmont PUMA, Washington!!Unemployment rate!!Estimate","Snohomish County (South Central)--Bothell (North), Mill Creek Cities & Silver Firs PUMA; Washington!!Total!!Estimate","Snohomish County (South Central)--Bothell (North), Mill Creek Cities & Silver Firs PUMA; Washington!!Employment/Population Ratio!!Estimate","Snohomish County (South Central)--Bothell (North), Mill Creek Cities & Silver Firs PUMA; Washington!!Unemployment rate!!Estimate","Snohomish County (Central & Southeast)--Lake Stevens & Monroe Cities PUMA, Washington!!Total!!Estimate","Snohomish County (Central & Southeast)--Lake Stevens & Monroe Cities PUMA, Washington!!Employment/Population Ratio!!Estimate","Snohomish County (Central & Southeast)--Lake Stevens & Monroe Cities PUMA, Washington!!Unemployment rate!!Estimate","Snohomish County (North)--Marysville & Arlington Cities PUMA, Washington!!Total!!Estimate","Snohomish County (North)--Marysville & Arlington Cities PUMA, Washington!!Employment/Population Ratio!!Estimate","Snohomish County (North)--Marysville & Arlington Cities PUMA, Washington!!Unemployment rate!!Estimate","Kitsap County (North)--Bainbridge Island City & Silverdale PUMA, Washington!!Total!!Estimate","Kitsap County (North)--Bainbridge Island City & Silverdale PUMA, Washington!!Employment/Population Ratio!!Estimate","Kitsap County (North)--Bainbridge Island City & Silverdale PUMA, Washington!!Unemployment rate!!Estimate","Kitsap County (South)--Bremerton & Port Orchard Cities PUMA, Washington!!Total!!Estimate","Kitsap County (South)--Bremerton & Port Orchard Cities PUMA, Washington!!Employment/Population Ratio!!Estimate","Kitsap County (South)--Bremerton & Port Orchard Cities PUMA, Washington!!Unemployment rate!!Estimate","Clallam & Jefferson Counties PUMA, Washington!!Total!!Estimate","Clallam & Jefferson Counties PUMA, Washington!!Employment/Population Ratio!!Estimate","Clallam & Jefferson Counties PUMA, Washington!!Unemployment rate!!Estimate"
"Population 16 years and over","175,831","58.1%","6.0%","179,692","52.6%","5.8%","90,189","58.5%","4.6%","83,639","46.7%","6.1%","105,812","54.7%","9.6%","97,671","52.8%","6.5%","97,171","58.4%","6.1%","93,284","49.9%","6.8%","88,439","52.6%","10.0%","84,037","61.8%","5.2%","87,768","58.5%","6.8%","85,333","54.6%","3.9%","104,595","57.3%","6.4%","92,437","58.5%","7.1%","88,891","57.1%","7.6%","87,970","48.2%","6.8%","90,962","61.9%","4.8%","90,002","59.3%","6.2%","85,438","60.7%","5.9%","92,410","57.7%","5.7%","103,702","50.4%","5.7%","109,828","46.6%","10.3%","129,451","55.2%","5.6%","88,158","56.4%","9.2%","98,385","58.2%","6.9%","95,855","53.4%","6.9%","86,822","50.6%","7.5%","104,637","55.3%","8.7%","93,853","63.3%","4.8%","98,871","58.0%","7.7%","85,452","60.7%","6.0%","130,318","74.6%","3.1%","115,305","61.1%","7.8%","128,714","72.4%","3.5%","103,474","72.7%","4.9%","115,878","68.4%","5.5%","95,882","63.8%","5.7%","115,798","66.0%","3.9%","115,287","63.6%","3.0%","113,250","65.0%","5.7%","112,432","64.5%","4.1%","102,459","62.2%","6.9%","103,500","61.4%","6.6%","101,225","62.3%","5.9%","94,404","59.9%","7.2%","94,481","64.4%","4.7%","84,442","66.7%","4.1%","97,503","63.7%","6.2%","98,804","63.8%","5.6%","101,379","62.4%","5.3%","100,083","68.3%","3.1%","102,374","61.7%","4.1%","116,170","59.1%","6.8%","105,032","53.8%","4.7%","107,447","49.8%","7.8%","89,647","44.9%","7.6%"
"AGE","","","","","","","","","","","","","","","","","","","","","","","","","","","","","","","","","","","","","","","","","","","","","","","","","","","","","","","","","","","","","","","","","","","","","","","","","","","","","","","","","","","","","","","","","","","","","","","","","","","","","","","","","","","","","","","","","","","","","","","","","","","","","","","","","","","","","","","","","","","","","","","","","","","","","","","","","","","","","","","","","","","","","","","",""
"    16 to 19 years","14,189","32.2%","16.8%","9,469","28.8%","22.8%","5,766","29.9%","26.3%","5,354","23.6%","24.5%","5,685","19.2%","46.4%","6,867","22.0%","13.0%","4,927","25.0%","30.8%","8,173","28.2%","17.6%","11,371","22.5%","30.2%","7,216","25.1%","26.4%","6,625","28.9%","36.7%","7,960","32.4%","12.4%","8,789","35.4%","8.2%","5,579","26.0%","28.0%","7,835","39.3%","12.7%","5,058","34.7%","8.5%","5,011","37.6%","6.5%","5,895","26.4%","6.8%","6,726","27.8%","19.4%","6,812","28.8%","27.4%","5,053","30.9%","11.4%","7,943","27.7%","18.3%","7,812","28.2%","29.0%","5,622","45.7%","2.7%","6,022","31.4%","12.7%","5,277","37.1%","1.9%","5,110","17.1%","28.7%","7,833","23.9%","18.4%","5,389","29.3%","27.8%","7,544","27.7%","30.2%","5,173","30.9%","29.8%","3,026","34.7%","12.3%","11,578","32.1%","19.0%","2,847","30.0%","22.2%","4,696","31.2%","29.4%","4,187","32.6%","22.9%","4,826","26.9%","7.0%","5,377","21.9%","26.1%","4,688","36.7%","0.9%","6,377","26.7%","2.7%","7,188","26.9%","8.1%","5,642","32.5%","4.8%","6,924","23.5%","35.0%","7,776","24.2%","21.3%","7,433","21.4%","38.0%","5,435","28.7%","14.9%","5,475","36.8%","10.1%","4,721","39.1%","17.4%","4,434","45.8%","15.9%","7,415","35.1%","16.1%","6,386","31.2%","21.3%","6,935","27.8%","16.0%","8,017","33.6%","18.2%","6,483","32.2%","2.3%","7,224","39.2%","21.5%","4,594","31.9%","26.2%"
"    20 to 24 years","22,654","77.1%","4.2%","13,561","60.6%","12.0%","6,123","68.9%","7.6%","4,106","51.1%","21.0%","9,093","69.8%","11.7%","10,947","46.8%","11.7%","6,251","81.3%","4.8%","10,142","58.3%","6.7%","14,705","62.0%","14.8%","8,428","80.4%","4.6%","7,477","58.1%","13.4%","7,327","60.9%","9.0%","14,058","62.3%","12.5%","9,938","71.8%","18.4%","8,131","55.3%","20.2%","5,493","64.4%","8.3%","6,445","79.9%","7.5%","6,868","73.2%","13.2%","7,177","75.7%","10.5%","6,715","66.7%","11.7%","6,981","70.9%","6.8%","7,670","57.5%","27.5%","9,488","66.2%","8.8%","8,015","59.8%","20.4%","10,393","74.6%","6.3%","6,977","61.7%","13.4%","11,554","43.3%","11.4%","9,439","57.1%","18.0%","8,779","75.3%","8.5%","6,679","59.8%","19.0%","6,838","77.6%","7.7%","9,061","86.8%","3.1%","22,288","51.9%","14.0%","13,104","83.1%","3.4%","9,907","69.8%","13.1%","6,146","63.5%","20.7%","4,807","76.1%","6.8%","5,393","82.4%","0.2%","8,273","65.0%","6.0%","5,943","53.1%","27.5%","6,670","72.8%","7.3%","8,790","63.2%","6.5%","7,587","66.1%","13.4%","9,744","69.6%","5.4%","9,503","68.4%","8.1%","4,080","68.4%","10.7%","3,381","74.3%","8.7%","8,525","72.3%","6.4%","9,032","62.6%","7.8%","9,298","82.5%","4.0%","7,795","75.4%","4.8%","7,481","66.3%","3.9%","8,291","61.9%","17.1%","9,244","59.7%","16.3%","11,045","48.0%","11.5%","4,950","59.1%","10.9%"
"    25 to 29 years","14,771","72.6%","15.4%","13,189","69.5%","7.0%","7,546","78.6%","4.0%","5,164","62.9%","9.5%","12,271","69.7%","11.1%","8,918","73.4%","3.9%","9,719","67.5%","7.6%","8,056","50.4%","8.9%","7,063","68.0%","16.8%","7,777","68.2%","8.2%","7,856","82.0%","1.7%","6,593","75.7%","2.4%","8,893","81.6%","4.1%","8,501","71.9%","8.8%","7,632","70.3%","4.3%","5,379","66.2%","14.0%","9,409","77.4%","4.6%","6,527","75.3%","6.1%","6,305","75.3%","4.0%","7,196","71.2%","6.6%","7,950","72.3%","4.1%","6,706","60.8%","17.6%","11,337","77.2%","5.3%","6,710","66.7%","15.8%","11,160","66.5%","9.0%","6,661","75.5%","6.9%","12,016","53.7%","11.2%","10,459","63.8%","5.4%","8,267","69.4%","4.9%","10,045","69.4%","10.5%","6,910","74.0%","3.2%","17,332","91.9%","1.4%","14,126","83.1%","4.0%","25,868","84.4%","5.3%","13,780","86.3%","1.7%","11,338","83.4%","4.5%","8,569","75.9%","7.0%","12,501","84.1%","2.4%","13,111","77.4%","4.3%","7,110","80.7%","6.4%","11,339","76.2%","3.6%","9,630","74.6%","12.5%","9,237","79.1%","9.2%","10,724","72.2%","7.8%","7,760","68.4%","13.1%","7,629","71.6%","7.7%","4,027","75.2%","1.8%","7,704","69.0%","12.8%","10,571","80.5%","5.0%","8,849","75.3%","5.5%","7,769","81.2%","0.6%","8,919","68.3%","8.9%","9,680","69.4%","15.7%","9,263","62.1%","7.8%","9,718","55.6%","5.9%","5,260","74.7%","9.6%"
"    30 to 34 years","13,898","72.5%","3.6%","13,622","69.7%","7.2%","6,081","81.6%","2.9%","5,475","72.3%","11.1%","9,916","67.4%","14.9%","8,708","62.7%","11.7%","10,167","75.1%","5.8%","5,645","41.2%","13.3%","6,320","69.7%","9.1%","8,193","78.5%","4.0%","8,436","72.9%","6.6%","7,787","76.0%","3.4%","8,281","71.9%","9.2%","8,791","75.3%","3.2%","6,891","70.4%","9.6%","5,991","74.6%","6.1%","9,106","72.6%","6.1%","7,699","66.3%","13.9%","6,403","76.2%","9.6%","6,643","69.4%","1.4%","7,543","74.1%","8.5%","7,772","61.0%","15.6%","12,682","65.6%","6.5%","6,414","61.9%","15.4%","10,495","76.9%","7.6%","6,381","76.0%","5.3%","9,055","56.0%","7.5%","8,617","61.5%","9.2%","9,214","83.7%","3.6%","9,760","68.5%","7.6%","7,421","77.3%","6.0%","21,635","89.6%","4.0%","8,396","82.3%","2.9%","17,946","86.1%","2.0%","14,787","91.9%","2.5%","12,538","82.6%","3.7%","7,212","74.1%","4.6%","13,934","78.8%","4.5%","12,804","83.1%","4.0%","10,509","80.3%","3.9%","9,813","79.7%","2.2%","8,498","76.1%","9.1%","10,670","76.0%","8.9%","12,022","70.1%","5.1%","7,524","80.7%","6.0%","8,007","83.8%","4.7%","6,352","87.4%","3.1%","9,173","83.5%","6.9%","10,681","74.3%","6.9%","9,472","78.6%","6.6%","9,653","68.5%","4.5%","8,654","75.1%","4.9%","9,868","68.6%","4.8%","7,229","65.7%","3.4%","9,944","59.5%","4.8%","4,836","77.5%","8.6%"
"    35 to 44 years","24,893","76.1%","4.9%","22,772","76.8%","2.8%","13,687","78.6%","4.6%","10,320","67.2%","3.1%","15,580","70.6%","9.3%","14,963","72.8%","5.5%","14,451","82.0%","5.2%","11,918","61.7%","8.0%","10,146","70.6%","3.5%","16,304","81.3%","4.3%","13,789","79.4%","3.9%","10,288","65.8%","4.5%","14,942","76.9%","4.2%","13,597","73.9%","6.7%","16,261","74.1%","5.2%","12,225","71.6%","3.7%","16,316","81.4%","3.5%","14,362","81.3%","2.6%","15,193","77.1%","5.1%","16,602","78.0%","1.3%","13,916","77.6%","2.6%","14,928","75.2%","3.8%","21,465","73.8%","2.7%","12,973","69.9%","3.6%","15,678","75.1%","8.4%","12,196","68.5%","9.5%","13,706","66.3%","7.2%","18,198","75.4%","5.4%","15,648","73.4%","5.0%","18,857","77.9%","5.0%","13,920","80.2%","7.0%","24,773","90.0%","2.2%","15,662","84.5%","3.8%","23,445","88.4%","1.9%","17,307","80.6%","6.2%","24,626","86.7%","4.8%","17,766","83.9%","5.6%","24,092","82.3%","4.9%","19,161","83.2%","0.6%","24,804","80.0%","4.3%","23,171","82.0%","5.1%","19,574","76.3%","8.9%","14,476","81.1%","4.0%","17,105","75.2%","6.7%","13,702","77.4%","6.3%","16,916","81.6%","3.3%","16,601","80.6%","2.9%","17,011","82.3%","2.0%","15,687","74.8%","4.6%","17,692","74.2%","3.2%","19,739","81.2%","2.4%","18,242","73.9%","2.5%","16,895","79.7%","5.4%","13,352","72.9%","2.0%","15,644","74.9%","7.5%","9,232","75.2%","3.9%"
"    45 to 54 years","24,742","76.8%","3.6%","26,633","76.0%","4.2%","14,828","78.1%","3.6%","13,037","65.4%","2.4%","14,777","78.4%","4.7%","14,909","72.0%","5.2%","17,162","79.2%","3.5%","15,670","75.3%","5.9%","10,619","76.9%","4.3%","11,793","78.0%","2.5%","14,007","75.6%","5.2%","15,403","76.4%","1.6%","15,315","72.6%","6.8%","15,320","74.6%","2.6%","13,150","70.4%","7.1%","14,903","68.7%","7.2%","13,199","77.8%","6.2%","16,142","76.5%","6.0%","15,004","81.2%","4.1%","17,352","68.1%","6.7%","16,586","65.7%","9.8%","16,479","70.9%","3.8%","19,410","70.7%","3.2%","16,350","78.5%","5.6%","14,929","70.1%","5.0%","16,813","72.7%","8.7%","11,190","69.0%","2.7%","19,535","69.0%","7.8%","17,015","81.2%","2.8%","16,074","77.1%","3.3%","15,969","71.7%","5.7%","19,579","83.0%","3.7%","14,453","75.2%","8.7%","15,339","71.2%","4.1%","17,227","84.8%","2.9%","20,259","87.7%","3.4%","15,930","85.0%","4.7%","18,633","75.3%","4.7%","21,152","77.1%","3.1%","24,656","78.6%","4.4%","21,404","80.4%","2.9%","18,074","79.5%","4.8%","18,471","79.1%","3.4%","16,053","83.7%","4.1%","17,006","81.9%","4.3%","18,927","83.3%","3.6%","17,932","80.1%","5.4%","16,172","78.6%","5.8%","16,653","81.9%","3.2%","17,729","78.3%","3.0%","18,963","84.8%","2.3%","21,176","79.3%","2.5%","22,603","76.4%","3.4%","16,080","78.9%","3.5%","17,543","67.9%","7.2%","11,914","64.4%","8.7%"
"    55 to 59 years","13,541","70.8%","3.3%","16,664","67.6%","3.1%","7,443","76.1%","1.4%","9,830","63.9%","1.5%","7,769","71.3%","3.4%","7,341","65.0%","2.6%","8,595","63.1%","8.8%","8,222","68.2%","1.5%","6,983","67.3%","0.4%","5,940","63.2%","1.1%","6,922","67.8%","3.7%","9,062","55.1%","4.1%","7,703","64.4%","2.8%","8,028","71.0%","1.6%","7,629","61.7%","3.6%","7,865","50.2%","7.5%","7,554","75.4%","4.9%","8,318","71.0%","2.7%","7,192","70.6%","0.7%","7,957","63.9%","4.2%","9,215","61.8%","1.7%","10,876","51.5%","8.1%","10,142","69.5%","5.6%","8,948","67.0%","9.5%","7,796","65.6%","6.4%","8,626","71.7%","1.6%","5,728","68.4%","5.3%","9,586","66.3%","10.9%","7,011","76.6%","2.8%","9,316","70.4%","2.7%","8,224","78.9%","1.4%","7,838","74.1%","2.7%","6,977","75.1%","5.9%","7,598","66.7%","4.0%","7,711","67.4%","3.0%","10,032","69.4%","4.8%","8,586","76.8%","5.5%","8,462","77.7%","2.7%","9,292","67.2%","2.9%","9,499","74.4%","2.7%","8,590","67.3%","6.8%","8,571","74.3%","4.7%","8,262","75.2%","2.1%","8,986","71.2%","3.8%","9,873","72.9%","3.8%","9,910","74.2%","4.7%","8,689","71.7%","2.6%","7,735","79.3%","5.6%","8,793","77.1%","1.8%","7,937","69.4%","7.8%","9,195","80.8%","1.2%","9,422","70.4%","3.9%","10,958","74.6%","3.1%","10,967","68.3%","3.9%","9,050","57.6%","7.1%","8,533","65.6%","3.5%"
"    60 to 64 years","13,491","45.3%","5.2%","16,317","52.9%","2.1%","8,069","51.4%","2.5%","8,568","42.4%","2.4%","8,171","47.9%","6.1%","7,945","44.9%","9.1%","7,167","38.0%","3.9%","8,422","48.3%","3.6%","5,856","51.3%","8.3%","5,615","62.4%","4.9%","6,962","52.8%","5.0%","5,222","51.9%","0.5%","8,405","56.7%","2.4%","4,839","62.2%","1.4%","6,626","55.6%","1.9%","7,920","44.4%","3.4%","7,415","46.1%","0.0%","6,917","54.5%","5.7%","6,563","55.0%","2.0%","6,639","61.3%","3.1%","10,095","39.5%","4.1%","10,051","39.9%","1.4%","10,167","58.4%","3.9%","7,578","50.3%","5.4%","6,535","38.7%","3.0%","9,295","43.9%","0.0%","5,895","52.1%","4.6%","7,036","47.0%","5.4%","7,789","54.3%","0.6%","5,853","45.0%","2.6%","6,239","48.8%","0.6%","8,255","55.4%","6.2%","7,441","54.0%","9.9%","7,523","63.9%","0.0%","6,824","68.0%","2.5%","8,798","59.3%","4.3%","8,661","65.0%","6.2%","8,167","61.9%","0.9%","5,694","59.8%","5.7%","7,888","59.8%","6.2%","6,680","61.9%","0.0%","6,544","59.0%","0.7%","8,805","62.3%","0.8%","5,736","57.4%","0.0%","7,566","53.6%","1.1%","6,869","64.4%","2.6%","9,340","66.6%","2.2%","8,573","65.1%","2.2%","8,230","57.7%","11.6%","6,269","57.3%","3.5%","8,195","70.5%","1.1%","7,710","54.3%","2.2%","9,837","55.4%","0.9%","9,380","56.6%","1.0%","7,101","44.4%","3.4%","10,072","39.4%","6.3%"
"    65 to 74 years","20,489","24.4%","3.9%","28,869","23.6%","7.1%","12,100","25.4%","0.4%","13,557","20.7%","3.6%","12,606","23.3%","0.0%","10,055","26.3%","0.0%","11,223","21.2%","3.0%","10,747","25.4%","2.1%","8,582","25.2%","5.3%","7,670","22.7%","3.5%","9,222","22.6%","0.0%","8,947","24.8%","1.0%","10,774","20.5%","2.2%","9,334","23.9%","0.0%","9,969","26.1%","7.3%","14,230","15.4%","2.6%","9,869","21.8%","1.9%","11,327","24.4%","1.5%","8,466","23.3%","8.2%","11,162","24.9%","2.3%","16,099","16.9%","2.2%","17,046","16.2%","15.9%","15,435","18.5%","0.0%","10,437","18.7%","1.9%","9,626","22.0%","0.0%","13,877","29.3%","7.3%","7,217","29.5%","2.9%","7,134","21.4%","4.7%","10,231","26.9%","1.2%","8,693","13.0%","11.1%","9,273","20.2%","0.0%","11,071","34.8%","2.1%","9,319","32.2%","5.1%","7,659","30.9%","5.6%","6,575","39.7%","1.6%","9,563","27.5%","3.3%","10,530","29.6%","7.5%","12,625","27.9%","0.0%","11,327","27.3%","0.0%","9,359","32.0%","5.4%","9,641","25.7%","1.7%","11,158","26.2%","0.8%","10,897","27.9%","3.9%","8,640","24.5%","9.6%","7,605","15.5%","0.0%","11,288","25.0%","1.7%","8,916","31.3%","4.6%","9,420","24.1%","13.4%","8,932","19.1%","3.8%","10,029","25.6%","12.7%","8,178","26.2%","4.3%","8,882","25.3%","2.2%","12,670","20.9%","4.3%","14,756","20.2%","0.3%","12,793","13.8%","2.5%","18,052","19.8%","5.1%"
"    75 years and over","13,163","4.9%","0.0%","18,596","2.8%","2.2%","8,546","8.0%","5.5%","8,228","3.5%","5.3%","9,944","2.2%","0.0%","7,018","4.5%","0.0%","7,509","3.1%","14.1%","6,289","5.1%","14.3%","6,794","6.4%","0.0%","5,101","3.1%","0.0%","6,472","8.1%","0.0%","6,744","2.6%","0.0%","7,435","4.0%","9.7%","8,510","4.2%","0.0%","4,767","14.0%","0.0%","8,906","5.0%","21.4%","6,638","9.1%","0.0%","5,947","4.5%","0.0%","6,409","6.4%","0.0%","5,332","8.0%","0.0%","10,264","2.7%","12.7%","10,357","4.3%","0.0%","11,513","3.8%","16.9%","5,111","4.4%","46.6%","5,751","1.5%","0.0%","9,752","1.3%","0.0%","5,351","11.5%","0.0%","6,800","3.4%","0.0%","4,510","3.0%","0.0%","6,050","3.2%","0.0%","5,485","1.2%","37.5%","7,748","2.5%","0.0%","5,065","1.9%","0.0%","7,385","3.3%","0.0%","4,660","7.6%","0.0%","8,391","2.6%","0.0%","8,995","6.1%","0.0%","6,614","4.6%","0.0%","9,785","4.5%","0.0%","7,105","7.9%","0.0%","7,936","8.3%","9.8%","5,978","3.2%","0.0%","8,171","5.1%","0.0%","4,439","2.7%","0.0%","6,432","2.1%","0.0%","5,420","3.1%","0.0%","3,729","7.5%","13.1%","8,469","5.1%","8.9%","5,791","5.0%","0.0%","6,689","3.2%","0.0%","4,210","3.4%","0.0%","4,953","5.6%","0.0%","7,351","4.7%","0.0%","8,278","2.1%","0.0%","7,385","3.2%","0.0%","12,204","3.8%","0.0%"
"RACE AND HISPANIC OR LATINO ORIGIN","","","","","","","","","","","","","","","","","","","","","","","","","","","","","","","","","","","","","","","","","","","","","","","","","","","","","","","","","","","","","","","","","","","","","","","","","","","","","","","","","","","","","","","","","","","","","","","","","","","","","","","","","","","","","","","","","","","","","","","","","","","","","","","","","","","","","","","","","","","","","","","","","","","","","","","","","","","","","","","","","","","","","","","",""
"    White alone","149,432","57.4%","5.5%","155,403","52.1%","5.4%","78,578","57.8%","4.8%","70,967","45.9%","4.2%","94,145","54.5%","9.4%","83,741","52.4%","5.8%","90,812","58.4%","5.6%","85,163","50.4%","6.9%","77,274","53.8%","9.3%","68,802","62.5%","4.6%","73,305","57.0%","6.8%","72,446","55.3%","3.3%","83,775","58.0%","5.1%","78,797","58.8%","6.0%","71,042","56.9%","7.3%","81,574","48.3%","6.6%","76,294","60.7%","4.5%","76,000","57.8%","7.2%","72,857","60.9%","5.8%","84,331","57.0%","5.7%","95,182","50.3%","4.9%","95,770","46.4%","10.4%","104,178","54.0%","5.7%","77,534","56.6%","9.0%","69,069","57.0%","6.7%","79,727","55.1%","6.4%","52,768","47.5%","8.0%","67,851","52.8%","8.5%","77,127","63.2%","4.5%","80,138","57.1%","8.3%","75,703","60.7%","5.5%","106,448","75.0%","3.0%","80,262","62.6%","7.8%","94,110","73.7%","3.2%","67,897","76.3%","2.6%","70,781","73.2%","2.7%","73,830","63.5%","5.6%","83,822","66.6%","4.0%","67,430","62.2%","3.1%","77,500","64.8%","5.1%","60,942","65.1%","3.7%","56,445","64.1%","4.8%","65,823","58.8%","5.5%","54,187","61.2%","6.2%","66,113","59.1%","6.6%","81,793","63.1%","4.7%","71,536","66.7%","4.3%","72,314","63.8%","5.2%","69,431","63.9%","4.9%","80,035","60.9%","5.9%","71,938","67.5%","3.1%","92,403","62.0%","4.1%","101,923","59.2%","6.8%","88,969","53.0%","4.2%","87,842","49.7%","7.3%","81,167","45.5%","7.1%"
"    Black or African American alone","N","N","N","N","N","N","N","N","N","N","N","N","N","N","N","N","N","N","N","N","N","N","N","N","N","N","N","N","N","N","N","N","N","N","N","N","N","N","N","N","N","N","N","N","N","N","N","N","N","N","N","N","N","N","N","N","N","N","N","N","N","N","N","N","N","N","N","N","N","N","N","N","10,547","65.4%","11.2%","N","N","N","10,964","61.2%","3.0%","11,995","64.9%","11.2%","2,663","73.2%","6.8%","N","N","N","N","N","N","N","N","N","N","N","N","N","N","N","14,169","62.2%","14.6%","10,419","54.0%","21.2%","N","N","N","N","N","N","N","N","N","N","N","N","11,987","61.2%","9.1%","12,116","61.5%","10.7%","10,955","58.7%","18.5%","N","N","N","N","N","N","N","N","N","N","N","N","N","N","N","N","N","N","N","N","N","N","N","N","N","N","N","N","N","N","N","N","N","N","N","N","N","N","N"
"    American Indian and Alaska Native alone","N","N","N","N","N","N","N","N","N","6,313","46.3%","16.6%","N","N","N","N","N","N","N","N","N","N","N","N","N","N","N","N","N","N","N","N","N","N","N","N","N","N","N","N","N","N","5,304","43.0%","13.8%","N","N","N","N","N","N","N","N","N","N","N","N","N","N","N","N","N","N","5,599","46.0%","15.6%","N","N","N","N","N","N","N","N","N","N","N","N","N","N","N","N","N","N","N","N","N","N","N","N","N","N","N","N","N","N","N","N","N","N","N","N","N","N","N","N","N","N","N","N","N","N","N","N","N","N","N","N","N","N","N","N","N","N","N","N","N","N","N","N","N","N","N","N","N","N","N","N","N","N","N","N","N","N","N","N","N","N","N","N","N","N","N","N","N","N","N","N","N","N","N","N","N","N","N","3,079","44.1%","17.7%"
"    Asian alone","N","N","N","N","N","N","N","N","N","N","N","N","N","N","N","N","N","N","N","N","N","N","N","N","N","N","N","N","N","N","N","N","N","N","N","N","N","N","N","N","N","N","N","N","N","N","N","N","N","N","N","N","N","N","N","N","N","N","N","N","N","N","N","N","N","N","N","N","N","N","N","N","N","N","N","N","N","N","9,129","45.0%","4.3%","9,698","56.2%","10.9%","N","N","N","N","N","N","N","N","N","12,369","68.9%","2.7%","20,560","54.6%","8.1%","N","N","N","14,642","64.9%","7.4%","24,038","60.4%","5.5%","11,660","64.0%","6.0%","24,244","62.8%","2.4%","38,480","63.6%","3.4%","29,768","68.2%","4.9%","N","N","N","14,466","61.3%","9.3%","13,414","63.7%","4.6%","19,398","67.6%","4.8%","N","N","N","N","N","N","N","N","N","9,561","59.2%","7.2%","18,304","59.5%","6.6%","N","N","N","N","N","N","N","N","N","N","N","N","N","N","N","N","N","N","N","N","N"
"    Native Hawaiian and Other Pacific Islander alone","N","N","N","N","N","N","N","N","N","N","N","N","N","N","N","N","N","N","N","N","N","N","N","N","N","N","N","N","N","N","N","N","N","N","N","N","N","N","N","N","N","N","N","N","N","N","N","N","N","N","N","N","N","N","N","N","N","N","N","N","N","N","N","N","N","N","N","N","N","N","N","N","N","N","N","N","N","N","N","N","N","N","N","N","N","N","N","N","N","N","N","N","N","N","N","N","N","N","N","N","N","N","N","N","N","N","N","N","N","N","N","N","N","N","N","N","N","N","N","N","N","N","N","N","N","N","N","N","N","N","N","N","N","N","N","N","N","N","N","N","N","N","N","N","N","N","N","N","N","N","N","N","N","N","N","N","N","N","N","N","N","N","N","N","N","N","N","N"
"    Some other race alone","N","N","N","N","N","N","N","N","N","N","N","N","N","N","N","N","N","N","N","N","N","N","N","N","N","N","N","N","N","N","N","N","N","N","N","N","13,942","62.4%","13.7%","N","N","N","9,126","64.8%","8.4%","N","N","N","N","N","N","N","N","N","N","N","N","N","N","N","N","N","N","N","N","N","N","N","N","N","N","N","N","N","N","N","N","N","N","N","N","N","N","N","N","N","N","N","N","N","N","N","N","N","N","N","N","N","N","N","N","N","N","N","N","N","N","N","N","N","N","N","N","N","N","N","N","N","N","N","N","N","N","N","N","N","N","N","N","N","N","N","N","N","N","N","N","N","N","N","N","N","N","N","N","N","N","N","N","N","N","N","N","N","N","N","N","N","N","N","N","N","N","N","N","N","N","N"
"    Two or more races","N","N","N","N","N","N","N","N","N","N","N","N","N","N","N","N","N","N","N","N","N","N","N","N","N","N","N","N","N","N","N","N","N","N","N","N","N","N","N","N","N","N","N","N","N","N","N","N","N","N","N","N","N","N","N","N","N","N","N","N","N","N","N","N","N","N","N","N","N","N","N","N","N","N","N","N","N","N","N","N","N","N","N","N","N","N","N","N","N","N","N","N","N","N","N","N","N","N","N","N","N","N","N","N","N","N","N","N","N","N","N","N","N","N","N","N","N","N","N","N","N","N","N","N","N","N","N","N","N","N","N","N","N","N","N","N","N","N","N","N","N","N","N","N","N","N","N","N","N","N","N","N","N","N","N","N","N","N","N","6,587","59.7%","14.3%","N","N","N","N","N","N"
"Hispanic or Latino origin (of any race)","13,585","67.5%","12.4%","18,343","58.1%","10.6%","N","N","N","N","N","N","N","N","N","N","N","N","N","N","N","N","N","N","N","N","N","29,999","62.0%","8.9%","N","N","N","19,031","64.1%","7.0%","26,113","67.5%","10.2%","32,383","67.5%","7.7%","44,021","62.5%","10.5%","N","N","N","N","N","N","N","N","N","N","N","N","N","N","N","N","N","N","N","N","N","N","N","N","N","N","N","N","N","N","N","N","N","11,761","48.6%","13.7%","N","N","N","N","N","N","9,128","51.8%","19.4%","N","N","N","N","N","N","N","N","N","N","N","N","N","N","N","N","N","N","N","N","N","N","N","N","N","N","N","N","N","N","N","N","N","N","N","N","N","N","N","N","N","N","11,931","63.6%","7.8%","N","N","N","N","N","N","N","N","N","N","N","N","N","N","N","N","N","N","N","N","N","N","N","N","N","N","N","N","N","N","N","N","N"
"White alone, not Hispanic or Latino","143,017","57.0%","5.1%","146,103","51.8%","5.3%","67,156","54.1%","5.4%","67,872","45.1%","3.9%","91,391","54.7%","9.1%","80,154","51.9%","5.8%","88,175","58.2%","5.5%","82,572","50.7%","7.0%","70,001","53.2%","9.6%","48,962","61.1%","3.0%","66,879","57.0%","5.5%","60,473","53.8%","2.4%","72,663","55.1%","4.8%","55,404","53.7%","6.0%","36,632","52.4%","2.4%","76,302","47.1%","6.8%","69,396","60.0%","4.3%","73,315","57.5%","7.1%","69,225","60.9%","5.7%","81,497","56.7%","5.6%","90,392","49.8%","4.8%","91,526","46.1%","9.2%","97,035","53.8%","6.1%","72,682","56.0%","9.3%","65,470","56.6%","6.6%","77,395","55.1%","6.5%","46,906","48.5%","8.2%","60,575","51.5%","8.6%","72,805","64.4%","3.8%","73,553","57.7%","6.7%","73,479","60.6%","5.6%","102,443","75.4%","2.8%","76,581","63.1%","7.8%","90,239","73.3%","3.3%","65,074","76.3%","2.7%","67,807","72.9%","2.8%","69,209","63.2%","5.3%","79,635","66.6%","4.0%","62,696","61.1%","3.2%","75,028","64.6%","5.3%","57,050","65.2%","3.8%","49,993","63.8%","4.7%","59,034","56.8%","5.3%","50,125","60.4%","6.4%","60,642","58.8%","6.4%","78,366","63.2%","4.7%","68,660","66.7%","4.3%","68,879","62.3%","5.4%","62,749","63.7%","4.9%","72,522","60.1%","6.0%","69,281","67.6%","3.2%","86,440","62.3%","4.1%","96,876","58.7%","6.7%","85,045","52.6%","4.4%","83,179","50.0%","7.2%","77,574","44.7%","6.7%"
"Population 20 to 64 years","127,990","71.8%","5.6%","122,758","68.8%","5.0%","63,777","74.1%","3.8%","56,500","61.4%","5.5%","77,577","69.1%","8.9%","73,731","63.9%","6.7%","73,512","71.9%","5.4%","68,075","60.4%","6.4%","61,692","67.0%","8.6%","64,050","75.3%","4.2%","65,449","71.6%","5.3%","61,682","67.5%","3.5%","77,597","70.0%","6.4%","69,014","72.5%","6.7%","66,320","67.0%","7.3%","59,776","63.6%","6.8%","69,444","74.5%","4.9%","66,833","73.0%","6.5%","63,837","74.6%","5.2%","69,104","69.7%","4.7%","72,286","65.9%","5.7%","74,482","61.4%","9.6%","94,691","69.6%","4.6%","66,988","67.1%","9.5%","76,986","69.0%","7.0%","66,949","67.2%","7.1%","69,144","58.3%","7.2%","82,870","65.4%","8.4%","73,723","74.5%","4.2%","76,584","70.4%","6.5%","65,521","73.7%","5.1%","108,473","84.9%","3.0%","89,343","71.2%","7.2%","110,823","80.9%","3.2%","87,543","80.9%","4.4%","93,737","80.0%","5.2%","71,531","78.5%","5.6%","91,182","78.3%","3.7%","89,487","76.1%","3.2%","90,409","75.6%","5.8%","87,667","76.9%","4.0%","79,681","73.7%","7.3%","77,508","75.4%","5.6%","80,370","73.3%","5.2%","72,934","73.6%","6.0%","72,338","77.8%","4.5%","66,322","77.3%","3.7%","74,893","76.9%","5.5%","79,647","74.1%","5.3%","77,246","75.0%","4.5%","81,309","78.8%","2.4%","81,604","71.9%","3.7%","88,132","71.4%","6.4%","75,515","67.8%","5.1%","80,045","60.7%","7.1%","54,797","63.5%","7.0%"
"    SEX","","","","","","","","","","","","","","","","","","","","","","","","","","","","","","","","","","","","","","","","","","","","","","","","","","","","","","","","","","","","","","","","","","","","","","","","","","","","","","","","","","","","","","","","","","","","","","","","","","","","","","","","","","","","","","","","","","","","","","","","","","","","","","","","","","","","","","","","","","","","","","","","","","","","","","","","","","","","","","","","","","","","","","","",""
"        Male","63,833","74.2%","7.4%","62,423","72.7%","5.4%","31,873","82.3%","1.8%","27,923","65.6%","5.5%","38,538","73.9%","8.5%","37,294","61.5%","8.2%","35,929","79.0%","5.3%","35,069","60.3%","5.9%","31,165","72.8%","7.7%","32,605","81.9%","3.7%","32,591","77.9%","5.1%","32,970","68.9%","3.1%","39,658","77.0%","6.1%","34,484","75.0%","8.3%","34,114","76.5%","6.9%","29,610","71.3%","7.1%","35,887","80.1%","4.5%","33,139","77.3%","6.5%","31,163","83.0%","5.0%","33,674","78.1%","2.8%","36,692","71.2%","5.1%","38,591","61.9%","13.5%","45,557","74.0%","3.8%","33,766","68.3%","11.9%","37,457","71.4%","7.9%","34,550","70.8%","10.1%","36,236","58.4%","5.7%","41,895","69.0%","7.2%","38,217","80.4%","4.2%","37,770","76.6%","7.0%","31,274","86.1%","3.6%","55,128","87.9%","2.6%","45,269","72.7%","6.0%","60,407","82.9%","2.6%","44,224","84.0%","3.0%","46,336","82.0%","5.4%","35,668","83.1%","5.6%","46,478","86.2%","4.6%","46,124","88.7%","3.2%","44,887","85.2%","5.8%","43,392","82.1%","4.7%","40,675","80.1%","5.4%","40,163","77.7%","6.5%","41,021","79.7%","4.0%","35,433","80.0%","5.9%","36,508","82.7%","5.0%","32,686","86.8%","2.8%","35,767","85.0%","5.7%","39,543","81.7%","4.4%","41,242","77.4%","4.6%","42,201","86.8%","2.0%","43,476","74.4%","3.5%","44,405","79.8%","6.1%","38,723","69.7%","5.9%","41,572","64.8%","7.7%","27,763","63.4%","8.3%"
"        Female","64,157","69.5%","3.6%","60,335","64.8%","4.6%","31,904","65.9%","6.2%","28,577","57.2%","5.4%","39,039","64.4%","9.2%","36,437","66.3%","5.2%","37,583","65.2%","5.6%","33,006","60.5%","6.9%","30,527","61.2%","9.8%","31,445","68.5%","4.9%","32,858","65.3%","5.6%","28,712","65.8%","3.9%","37,939","62.7%","6.9%","34,530","70.1%","4.9%","32,206","56.9%","7.9%","30,166","56.0%","6.4%","33,557","68.5%","5.4%","33,694","68.7%","6.5%","32,674","66.6%","5.4%","35,430","61.6%","7.0%","35,594","60.5%","6.3%","35,891","61.0%","5.0%","49,134","65.5%","5.5%","33,222","65.8%","6.9%","39,529","66.8%","6.0%","32,399","63.5%","3.4%","32,908","58.2%","8.9%","40,975","61.8%","9.9%","35,506","68.3%","4.0%","38,814","64.4%","5.9%","34,247","62.4%","7.0%","53,345","81.8%","3.5%","44,074","69.5%","8.4%","50,416","78.6%","4.0%","43,319","77.7%","5.8%","47,401","78.1%","5.1%","35,863","74.0%","5.5%","44,704","70.1%","2.4%","43,363","62.7%","3.3%","45,522","66.1%","5.9%","44,275","71.9%","3.3%","39,006","67.1%","9.5%","37,345","73.0%","4.7%","39,349","66.6%","6.7%","37,501","67.5%","6.1%","35,830","72.9%","3.9%","33,636","68.1%","4.8%","39,126","69.5%","5.2%","40,104","66.5%","6.3%","36,004","72.1%","4.2%","39,108","70.2%","2.9%","38,128","69.1%","4.0%","43,727","63.0%","6.8%","36,792","65.9%","4.1%","38,473","56.4%","6.3%","27,034","63.6%","5.6%"
"            With own children under 18 years","18,452","65.7%","3.9%","20,251","65.7%","4.6%","11,423","69.0%","6.7%","9,755","54.8%","4.8%","13,832","60.8%","11.0%","12,359","73.5%","5.8%","14,898","69.3%","2.5%","11,089","52.1%","10.5%","9,791","62.1%","5.5%","14,528","65.2%","8.2%","13,688","68.2%","4.9%","11,605","71.3%","4.2%","14,364","68.7%","3.2%","14,371","70.4%","5.2%","13,815","58.4%","13.6%","9,939","68.1%","1.4%","10,107","66.0%","4.2%","12,787","74.4%","4.2%","12,462","66.7%","4.8%","13,813","60.4%","8.2%","13,415","69.0%","4.3%","10,313","72.7%","7.3%","17,423","61.7%","5.3%","10,641","62.8%","9.0%","9,775","52.1%","12.8%","11,243","69.9%","4.5%","13,763","55.2%","10.4%","14,421","62.3%","9.7%","12,736","62.2%","5.8%","16,418","64.1%","5.6%","11,855","67.5%","7.3%","12,619","73.4%","3.1%","11,096","76.9%","5.4%","8,287","64.1%","2.4%","10,432","69.4%","8.0%","12,645","70.2%","9.3%","13,752","76.1%","3.4%","15,890","57.5%","3.0%","16,808","56.3%","2.9%","22,064","59.5%","5.6%","17,419","67.5%","2.7%","14,431","65.3%","12.7%","12,815","69.1%","6.7%","15,116","60.2%","6.5%","11,744","62.5%","6.3%","14,018","71.7%","1.1%","14,288","65.8%","3.9%","12,063","69.3%","8.1%","13,749","58.5%","6.5%","11,375","73.0%","4.5%","15,714","61.9%","6.6%","14,394","71.9%","1.7%","14,733","59.3%","7.0%","12,364","64.6%","2.2%","11,865","56.2%","5.1%","6,547","75.1%","4.3%"
"                With own children under 6 years only","4,772","66.5%","2.9%","4,675","70.5%","0.3%","2,157","38.2%","20.9%","1,471","33.7%","4.3%","4,223","57.4%","0.0%","3,087","74.9%","5.8%","3,560","53.9%","7.2%","2,390","33.4%","8.6%","2,531","56.3%","0.0%","3,269","78.6%","8.0%","4,047","67.6%","9.4%","2,334","74.7%","1.4%","3,779","68.9%","5.2%","2,577","70.8%","9.0%","1,761","58.3%","7.1%","1,679","75.6%","0.0%","3,044","62.1%","4.2%","2,922","81.3%","0.0%","2,307","77.9%","0.0%","2,539","54.2%","19.3%","3,052","68.3%","3.7%","2,535","70.9%","0.8%","4,724","43.8%","15.7%","2,753","40.7%","22.2%","2,672","46.2%","15.8%","1,977","64.8%","7.6%","4,569","46.9%","9.8%","3,213","38.5%","28.1%","2,509","47.7%","1.9%","3,830","51.3%","2.2%","2,567","62.3%","6.2%","4,444","67.8%","4.6%","3,512","77.6%","9.0%","3,500","55.9%","6.4%","2,815","62.8%","8.3%","4,066","67.7%","15.9%","4,505","67.6%","2.8%","5,363","50.0%","4.6%","5,496","51.6%","2.4%","4,769","56.2%","6.8%","3,566","64.7%","0.0%","3,367","74.8%","0.0%","2,407","72.8%","9.7%","3,196","59.5%","3.7%","2,790","77.3%","0.0%","3,213","73.9%","0.0%","3,199","75.4%","1.8%","2,615","54.1%","20.9%","3,805","55.0%","2.0%","2,170","73.6%","0.0%","4,255","43.2%","3.5%","3,953","61.5%","3.8%","4,062","59.2%","5.9%","2,153","50.9%","3.2%","3,561","50.9%","4.5%","1,739","61.9%","2.1%"
"                With own children under 6 years and 6 to 17 years","3,222","50.7%","4.3%","4,197","61.6%","2.1%","2,139","56.5%","0.0%","1,880","49.9%","13.5%","3,432","46.1%","33.0%","2,491","61.8%","13.5%","3,613","54.1%","0.0%","1,539","30.0%","0.0%","2,211","58.0%","0.7%","4,007","52.0%","14.1%","2,687","63.9%","5.7%","2,481","49.1%","3.8%","4,252","56.0%","2.7%","3,770","54.6%","8.0%","4,561","66.0%","15.5%","2,562","62.2%","0.0%","2,162","58.4%","5.3%","2,821","60.6%","9.8%","2,357","41.3%","25.2%","3,086","37.0%","0.0%","2,942","50.6%","10.8%","1,513","53.0%","16.7%","3,774","54.7%","7.5%","2,562","65.8%","6.1%","1,695","54.5%","16.9%","2,539","61.2%","1.6%","3,817","34.4%","28.7%","2,265","45.5%","16.5%","2,492","47.2%","14.6%","3,300","57.4%","9.6%","2,997","67.1%","4.1%","1,668","63.7%","0.0%","1,768","82.5%","0.0%","1,098","55.9%","0.0%","2,182","80.0%","0.0%","2,648","68.4%","2.9%","2,593","69.5%","2.5%","2,445","49.4%","7.8%","2,309","52.2%","0.0%","3,982","59.7%","4.9%","3,817","51.7%","0.0%","3,627","68.5%","8.7%","1,958","41.3%","5.4%","4,005","37.2%","2.3%","2,325","46.6%","3.7%","1,904","61.4%","0.0%","2,785","40.6%","3.8%","2,601","71.6%","0.0%","2,885","45.9%","0.0%","1,603","76.9%","0.0%","2,737","52.6%","17.6%","2,428","59.9%","0.0%","3,564","42.8%","5.0%","2,623","57.8%","6.8%","2,471","36.7%","0.0%","1,443","75.1%","15.4%"
"                With own children under 6 to 17 years only","10,458","70.0%","4.3%","11,379","65.3%","7.3%","7,127","82.2%","5.6%","6,404","61.1%","2.5%","6,177","71.4%","5.7%","6,781","77.2%","3.2%","7,725","83.5%","1.7%","7,160","63.1%","11.8%","5,049","66.8%","9.3%","7,252","66.5%","5.6%","6,954","70.2%","2.0%","6,790","78.2%","5.2%","6,333","77.1%","2.4%","8,024","77.7%","3.0%","7,493","53.8%","13.6%","5,698","68.6%","2.4%","4,901","71.7%","3.9%","7,044","77.0%","4.1%","7,798","71.1%","1.6%","8,188","71.1%","6.7%","7,421","76.6%","2.7%","6,265","78.2%","7.7%","8,925","74.2%","0.8%","5,326","72.7%","5.6%","5,408","54.3%","10.0%","6,727","74.6%","4.6%","5,377","77.1%","2.7%","8,943","75.1%","3.9%","7,735","71.8%","4.6%","9,288","71.8%","5.3%","6,291","69.8%","9.1%","6,507","79.6%","2.8%","5,816","74.8%","4.8%","3,689","74.3%","0.0%","5,435","68.6%","11.2%","5,931","72.8%","7.1%","6,654","84.4%","4.1%","8,082","65.0%","0.9%","9,003","60.1%","3.9%","13,313","60.6%","5.4%","10,036","74.5%","4.1%","7,437","59.4%","20.5%","8,450","74.5%","6.1%","7,915","72.2%","8.5%","6,629","61.8%","10.0%","8,901","73.1%","1.7%","8,304","70.5%","4.8%","6,847","74.2%","6.6%","7,059","65.6%","10.1%","7,602","72.0%","6.6%","8,722","73.9%","4.7%","8,013","80.6%","1.3%","7,107","67.6%","8.2%","7,588","70.9%","0.6%","5,833","67.7%","6.5%","3,365","81.8%","0.0%"
"POVERTY STATUS IN THE PAST 12 MONTHS","","","","","","","","","","","","","","","","","","","","","","","","","","","","","","","","","","","","","","","","","","","","","","","","","","","","","","","","","","","","","","","","","","","","","","","","","","","","","","","","","","","","","","","","","","","","","","","","","","","","","","","","","","","","","","","","","","","","","","","","","","","","","","","","","","","","","","","","","","","","","","","","","","","","","","","","","","","","","","","","","","","","","","","",""
"    Below poverty level","20,740","44.5%","16.3%","14,185","42.7%","16.2%","6,751","42.4%","6.3%","12,501","28.2%","26.9%","12,292","40.0%","24.1%","13,191","21.1%","31.3%","9,424","42.5%","16.4%","9,256","43.2%","16.1%","12,480","45.2%","21.1%","8,387","48.9%","10.2%","9,024","32.1%","20.1%","7,608","35.3%","12.5%","15,600","40.6%","19.9%","10,580","40.9%","28.0%","10,071","36.5%","21.4%","10,339","30.3%","27.0%","9,102","37.1%","22.6%","6,735","37.5%","28.2%","4,493","31.6%","35.6%","6,325","21.1%","32.4%","11,108","31.7%","26.5%","11,659","29.2%","36.8%","12,969","36.6%","14.0%","8,196","32.9%","34.5%","12,935","37.4%","25.2%","6,020","35.9%","22.2%","8,117","31.7%","33.3%","10,251","28.1%","32.7%","5,822","24.0%","37.3%","7,590","33.6%","21.7%","5,171","23.2%","32.1%","8,469","41.2%","14.8%","19,738","37.3%","19.7%","12,229","36.9%","31.6%","9,204","44.5%","16.5%","7,528","31.2%","29.6%","5,137","33.5%","22.8%","5,136","41.3%","22.8%","6,869","32.0%","28.9%","4,458","28.2%","42.8%","8,851","36.1%","22.6%","11,147","47.9%","22.1%","9,726","37.7%","22.5%","9,055","33.4%","28.0%","6,484","28.0%","41.8%","3,570","40.6%","7.2%","2,247","30.9%","20.3%","7,185","36.1%","36.0%","6,288","36.3%","29.5%","8,934","36.4%","13.6%","5,028","35.5%","27.3%","6,465","29.6%","22.1%","6,464","20.5%","41.9%","3,870","43.2%","3.9%","11,177","25.2%","35.6%","7,949","32.4%","29.9%"
"    At or above the poverty level","106,128","77.8%","4.2%","106,345","73.8%","4.0%","56,628","78.4%","3.7%","43,608","71.4%","2.2%","64,384","75.1%","7.0%","58,011","75.5%","4.6%","64,026","76.3%","4.4%","54,494","67.3%","5.3%","47,918","74.2%","6.3%","55,407","79.7%","3.6%","55,409","79.3%","4.1%","49,007","78.7%","2.8%","60,922","78.4%","4.1%","56,574","80.8%","4.0%","55,862","72.9%","5.8%","49,053","71.1%","4.4%","59,464","81.3%","3.4%","60,090","76.9%","4.9%","59,313","77.9%","3.8%","62,062","75.4%","3.6%","60,566","72.9%","3.5%","60,097","70.5%","6.4%","81,113","75.4%","3.8%","58,038","72.7%","7.3%","63,269","76.3%","4.7%","59,742","71.7%","6.2%","56,764","66.2%","4.7%","72,121","70.9%","6.5%","67,901","78.9%","2.8%","68,923","74.5%","5.6%","60,350","78.0%","4.2%","99,919","88.7%","2.5%","66,794","82.6%","4.9%","95,924","88.5%","1.0%","77,514","85.7%","3.5%","85,908","84.6%","4.2%","66,204","82.0%","4.9%","85,771","80.7%","2.9%","82,618","79.7%","2.0%","85,864","78.1%","4.7%","78,771","81.6%","2.9%","67,741","78.8%","5.5%","67,749","80.9%","4.2%","70,035","79.8%","3.6%","66,370","78.1%","3.9%","68,742","79.8%","4.4%","64,075","78.9%","3.5%","67,647","81.3%","3.3%","73,344","77.3%","3.9%","67,059","81.5%","3.8%","76,281","81.7%","1.4%","71,504","79.4%","2.9%","81,599","75.5%","5.2%","69,761","71.0%","5.1%","65,950","69.5%","4.5%","45,726","70.4%","4.5%"
"DISABILITY STATUS","","","","","","","","","","","","","","","","","","","","","","","","","","","","","","","","","","","","","","","","","","","","","","","","","","","","","","","","","","","","","","","","","","","","","","","","","","","","","","","","","","","","","","","","","","","","","","","","","","","","","","","","","","","","","","","","","","","","","","","","","","","","","","","","","","","","","","","","","","","","","","","","","","","","","","","","","","","","","","","","","","","","","","","",""
"    With any disability","15,670","41.2%","3.7%","16,061","38.2%","9.9%","8,323","45.3%","3.2%","9,379","21.7%","4.4%","9,697","32.4%","17.8%","9,591","30.0%","11.3%","10,021","35.1%","19.6%","9,724","32.0%","9.5%","8,452","29.5%","22.7%","8,128","34.4%","13.7%","6,703","20.1%","47.0%","7,698","24.7%","18.5%","9,121","31.2%","8.1%","8,290","30.7%","16.0%","6,271","29.4%","17.7%","9,689","21.6%","16.1%","10,077","41.2%","7.7%","8,250","38.8%","7.9%","5,243","43.2%","15.0%","7,180","30.8%","4.3%","12,407","26.0%","10.9%","12,840","34.6%","13.5%","11,620","35.0%","10.4%","7,008","37.8%","16.1%","12,044","40.2%","9.7%","7,909","25.1%","26.9%","9,201","44.2%","12.2%","11,847","32.3%","14.7%","6,461","39.4%","6.7%","8,404","28.2%","25.4%","7,740","45.6%","14.6%","6,388","52.7%","6.8%","6,005","45.9%","7.9%","9,892","41.9%","20.7%","6,288","47.5%","12.0%","8,516","44.2%","9.2%","5,038","40.0%","14.6%","3,775","46.4%","15.4%","4,324","52.3%","7.3%","3,361","44.1%","0.0%","6,577","35.9%","25.6%","8,536","37.0%","7.7%","7,719","39.5%","12.8%","5,856","28.6%","16.3%","8,333","38.7%","20.4%","5,362","55.8%","9.5%","3,549","49.6%","8.2%","6,937","35.7%","10.4%","7,907","44.9%","14.9%","10,821","33.4%","8.1%","5,175","55.2%","2.0%","9,261","40.1%","12.1%","11,758","45.7%","7.6%","6,595","49.8%","4.5%","13,462","38.3%","15.3%","8,874","30.0%","26.5%"
"EDUCATIONAL ATTAINMENT","","","","","","","","","","","","","","","","","","","","","","","","","","","","","","","","","","","","","","","","","","","","","","","","","","","","","","","","","","","","","","","","","","","","","","","","","","","","","","","","","","","","","","","","","","","","","","","","","","","","","","","","","","","","","","","","","","","","","","","","","","","","","","","","","","","","","","","","","","","","","","","","","","","","","","","","","","","","","","","","","","","","","","","",""
"    Population 25 to 64 years","105,336","70.7%","5.9%","109,197","69.9%","4.2%","57,654","74.7%","3.4%","52,394","62.2%","4.3%","68,484","69.0%","8.5%","62,784","66.9%","6.0%","67,261","71.1%","5.5%","57,933","60.8%","6.3%","46,987","68.6%","6.7%","55,622","74.5%","4.2%","57,972","73.3%","4.4%","54,355","68.3%","2.8%","63,539","71.7%","5.2%","59,076","72.7%","4.4%","58,189","68.6%","5.6%","54,283","63.5%","6.6%","62,999","73.9%","4.6%","59,965","72.9%","5.7%","56,660","74.5%","4.5%","62,389","70.0%","4.0%","65,305","65.4%","5.5%","66,812","61.9%","7.2%","85,203","70.0%","4.2%","58,973","68.1%","8.0%","66,593","68.1%","7.1%","59,972","67.9%","6.4%","57,590","61.3%","6.6%","73,431","66.5%","7.2%","64,944","74.4%","3.5%","69,905","71.4%","5.3%","58,683","73.3%","4.8%","99,412","84.7%","3.0%","67,055","77.6%","5.5%","97,719","80.6%","3.2%","77,636","82.3%","3.3%","87,591","81.2%","4.2%","66,724","78.7%","5.5%","85,789","78.1%","3.9%","81,214","77.2%","3.0%","84,466","77.2%","4.5%","80,997","77.3%","3.8%","70,891","75.0%","7.3%","69,921","76.5%","4.8%","70,626","73.8%","5.2%","63,431","74.4%","5.7%","68,258","78.4%","4.1%","62,941","77.5%","3.5%","66,368","77.5%","5.3%","70,615","75.5%","5.0%","67,948","73.9%","4.5%","73,514","79.2%","2.1%","74,123","72.5%","3.7%","79,841","72.4%","5.3%","66,271","69.0%","3.5%","69,000","62.8%","6.5%","49,847","63.9%","6.6%"
"        Less than high school graduate","7,261","57.6%","9.5%","8,238","57.3%","13.2%","10,610","68.8%","4.2%","6,467","58.6%","6.1%","3,503","47.6%","4.2%","3,622","55.3%","10.5%","4,940","61.1%","10.7%","3,545","34.1%","11.9%","5,217","52.5%","11.4%","9,539","59.4%","13.1%","6,694","61.2%","5.8%","9,200","66.9%","2.5%","13,586","67.3%","10.8%","14,466","68.3%","3.3%","18,811","64.2%","8.3%","6,455","51.9%","8.8%","6,942","62.3%","6.2%","4,813","55.6%","6.1%","4,457","62.9%","10.0%","5,414","48.2%","14.1%","7,634","51.8%","9.5%","7,129","54.5%","8.0%","6,893","60.9%","3.0%","4,851","45.6%","19.4%","6,956","55.2%","9.6%","3,254","39.2%","24.1%","4,386","45.7%","20.1%","8,845","62.4%","7.7%","2,738","38.5%","19.0%","4,320","58.6%","10.9%","4,335","52.9%","10.3%","2,450","66.5%","0.0%","1,684","53.2%","0.0%","2,997","37.8%","24.2%","5,148","65.4%","2.1%","7,042","55.9%","13.2%","4,125","61.1%","7.7%","3,144","56.1%","20.6%","3,257","70.5%","0.0%","1,853","55.5%","21.9%","6,750","58.3%","11.9%","11,901","67.6%","3.5%","7,607","67.3%","6.3%","9,139","60.5%","8.9%","7,534","60.1%","6.2%","5,591","52.5%","3.2%","1,669","57.3%","0.0%","5,422","59.4%","16.8%","4,323","56.7%","8.7%","8,427","66.4%","6.2%","3,731","53.3%","0.0%","5,969","48.8%","19.9%","6,066","64.1%","7.5%","2,000","50.2%","0.0%","4,457","40.2%","16.0%","4,271","46.8%","24.4%"
"        High school graduate (includes equivalency)","25,293","65.3%","7.3%","27,138","63.6%","5.3%","16,919","73.9%","5.6%","16,413","57.0%","6.1%","18,656","59.2%","6.5%","12,956","58.3%","10.9%","17,170","66.2%","3.2%","14,760","60.3%","7.7%","10,999","58.3%","11.9%","15,243","68.9%","4.4%","13,458","64.3%","6.5%","11,667","52.4%","6.1%","15,571","71.7%","2.1%","15,774","68.5%","4.9%","19,204","66.2%","4.2%","14,806","55.8%","10.6%","15,922","71.6%","6.5%","13,251","71.7%","6.3%","11,417","68.7%","4.9%","18,044","60.0%","5.2%","19,972","59.2%","5.8%","22,557","55.5%","11.1%","14,650","61.6%","8.3%","16,140","58.8%","13.6%","16,910","62.1%","6.7%","11,630","63.8%","11.1%","14,202","61.5%","8.7%","24,804","65.0%","10.3%","18,911","67.2%","3.6%","20,323","64.1%","7.3%","21,043","73.1%","4.6%","6,566","69.3%","3.6%","3,946","55.2%","18.4%","8,719","52.2%","4.7%","8,098","67.9%","9.0%","12,650","74.5%","2.2%","10,142","70.7%","6.4%","7,761","65.9%","8.1%","7,106","59.1%","6.8%","5,527","69.1%","1.7%","17,160","61.9%","8.7%","18,714","69.5%","8.8%","17,873","71.5%","4.7%","20,048","68.4%","6.3%","19,728","74.5%","7.0%","14,556","78.3%","5.7%","7,709","69.1%","2.1%","12,162","78.5%","4.2%","14,500","67.4%","6.4%","18,224","72.3%","5.2%","12,084","76.7%","3.0%","20,464","65.6%","4.1%","24,155","71.7%","5.9%","13,235","64.7%","5.5%","17,741","63.3%","7.2%","14,222","68.0%","4.8%"
"        Some college or associate's degree","39,485","68.3%","7.1%","45,115","71.3%","3.4%","17,820","74.5%","3.3%","20,348","60.6%","4.4%","29,517","71.0%","12.0%","21,488","62.6%","7.7%","28,352","69.1%","8.2%","24,167","58.7%","6.4%","15,220","67.1%","6.5%","16,260","82.9%","2.5%","21,974","75.3%","4.5%","19,636","64.4%","2.0%","20,555","69.3%","4.0%","18,166","74.8%","5.9%","13,453","71.4%","5.7%","22,387","65.6%","5.1%","22,298","74.2%","6.0%","24,954","71.5%","6.3%","22,023","72.1%","6.0%","26,326","76.5%","3.3%","26,653","66.9%","5.8%","27,622","64.7%","5.8%","33,118","67.1%","4.3%","22,042","69.1%","6.9%","23,254","70.5%","7.0%","21,371","69.1%","4.4%","25,071","60.4%","6.4%","29,813","64.6%","6.9%","22,087","75.7%","3.2%","29,448","73.9%","4.4%","23,451","73.7%","4.4%","21,180","80.9%","3.6%","14,692","70.9%","8.6%","20,574","73.7%","4.8%","16,971","79.5%","6.5%","20,843","79.2%","7.1%","18,612","79.2%","5.5%","18,510","73.8%","5.8%","15,091","74.4%","3.4%","15,563","69.9%","4.6%","26,267","87.8%","2.3%","23,235","76.0%","8.7%","26,828","77.5%","6.3%","25,725","76.8%","5.0%","21,859","74.4%","5.8%","24,041","77.8%","4.8%","16,826","75.4%","3.4%","22,477","75.5%","3.9%","25,217","75.7%","5.3%","24,227","70.3%","3.3%","22,998","79.3%","3.0%","27,766","74.2%","3.0%","32,587","68.8%","6.2%","24,453","66.8%","3.6%","32,510","57.8%","7.2%","18,859","60.9%","6.8%"
"        Bachelor's degree or higher","33,297","80.5%","3.1%","28,706","77.1%","2.4%","12,305","81.1%","0.3%","9,166","77.5%","0.4%","16,808","80.9%","4.7%","24,718","76.7%","2.1%","16,799","82.3%","2.2%","15,461","70.8%","4.4%","15,551","82.8%","3.0%","14,580","81.0%","1.0%","15,846","83.3%","2.3%","13,852","88.3%","2.0%","13,827","79.5%","4.8%","10,670","81.0%","2.6%","6,721","82.1%","2.4%","10,635","77.0%","4.0%","17,837","80.1%","0.7%","16,947","80.8%","4.3%","18,763","83.6%","1.6%","12,605","79.9%","1.0%","11,046","82.3%","2.9%","9,504","74.3%","2.7%","30,542","79.2%","2.6%","15,940","82.8%","2.6%","19,473","75.2%","6.8%","23,717","72.8%","4.4%","13,931","67.7%","1.5%","9,969","79.7%","0.9%","21,208","84.2%","2.7%","15,814","79.7%","3.6%","9,854","81.7%","4.5%","69,216","88.0%","2.9%","46,733","82.4%","3.9%","65,429","88.6%","2.1%","47,419","87.6%","1.5%","47,056","87.6%","2.5%","33,845","83.0%","5.1%","56,374","82.4%","2.0%","55,760","80.6%","2.6%","61,523","80.4%","4.2%","30,820","81.0%","1.5%","17,041","84.9%","6.3%","17,613","83.8%","2.3%","15,714","83.7%","2.6%","14,310","81.7%","3.7%","24,070","85.1%","2.8%","36,737","81.1%","3.8%","26,307","82.4%","5.0%","26,575","82.9%","3.7%","17,070","84.4%","4.6%","34,701","82.8%","1.5%","19,924","84.2%","0.7%","17,033","83.5%","2.6%","26,583","74.5%","2.7%","14,292","80.5%","2.9%","12,495","69.7%","3.2%"